"roi","min_edge_spread","n_placed_bets","final_bankroll","weekly_risk_cap","min_ev_spread","sigma_total","kelly_frac","max_drawdown","sigma_spread","per_bet_cap"
"0.2417","1.2","1070","12417.49","0.05","0.012","12","0.1","0.0874","13","0.006"
"0.2417","1.2","1070","12417.49","0.05","0.02","10","0.12","0.0874","15","0.006"
"0.2417","1.2","1070","12417.49","0.05","0.018","11","0.1","0.0874","14","0.006"
"0.2417","1.2","1070","12417.49","0.05","0.012","11","0.1","0.0874","15","0.006"
"0.2417","1.2","1070","12417.49","0.05","0.02","10","0.12","0.0874","13","0.006"
"0.2417","1.2","1070","12417.49","0.05","0.02","11","0.1","0.0874","14","0.006"
"0.2417","1.2","1070","12417.49","0.05","0.012","11","0.1","0.0874","13","0.006"
"0.2417","1.2","1070","12417.49","0.05","0.018","10","0.12","0.0874","15","0.006"
"0.2417","1.2","1070","12417.49","0.05","0.02","10","0.1","0.0874","15","0.006"
"0.2417","1.2","1070","12417.49","0.05","0.018","11","0.12","0.0874","14","0.006"
"0.2417","1.2","1070","12417.49","0.05","0.012","12","0.12","0.0874","13","0.006"
"0.2417","1.2","1070","12417.49","0.05","0.015","11","0.12","0.0874","15","0.006"
"0.2417","1.2","1070","12417.49","0.05","0.012","11","0.12","0.0874","14","0.006"
"0.2417","1.2","1070","12417.49","0.05","0.018","10","0.12","0.0874","13","0.006"
"0.2417","1.2","1070","12417.49","0.05","0.018","11","0.1","0.0874","15","0.006"
"0.2417","1.2","1070","12417.49","0.05","0.015","12","0.1","0.0874","13","0.006"
"0.2417","1.2","1070","12417.49","0.05","0.015","11","0.12","0.0874","14","0.006"
"0.2417","1.2","1070","12417.49","0.05","0.02","10","0.1","0.0874","13","0.006"
"0.2417","1.2","1070","12417.49","0.05","0.012","11","0.12","0.0874","15","0.006"
"0.2417","1.2","1070","12417.49","0.05","0.015","11","0.1","0.0874","15","0.006"
"0.2417","1.2","1070","12417.49","0.05","0.015","11","0.1","0.0874","14","0.006"
"0.2417","1.2","1070","12417.49","0.05","0.015","12","0.12","0.0874","14","0.006"
"0.2417","1.2","1070","12417.49","0.05","0.02","12","0.12","0.0874","14","0.006"
"0.2417","1.2","1070","12417.49","0.05","0.015","11","0.12","0.0874","13","0.006"
"0.2417","1.2","1070","12417.49","0.05","0.015","12","0.1","0.0874","14","0.006"
"0.2417","1.2","1070","12417.49","0.05","0.012","10","0.1","0.0874","15","0.006"
"0.2417","1.2","1070","12417.49","0.05","0.018","11","0.1","0.0874","13","0.006"
"0.2417","1.2","1070","12417.49","0.05","0.018","12","0.12","0.0874","14","0.006"
"0.2417","1.2","1070","12417.49","0.05","0.018","12","0.1","0.0874","14","0.006"
"0.2417","1.2","1070","12417.49","0.05","0.018","11","0.12","0.0874","13","0.006"
"0.2417","1.2","1070","12417.49","0.05","0.02","12","0.1","0.0874","14","0.006"
"0.2417","1.2","1070","12417.49","0.05","0.015","11","0.1","0.0874","13","0.006"
"0.2417","1.2","1070","12417.49","0.05","0.02","11","0.12","0.0874","13","0.006"
"0.2417","1.2","1070","12417.49","0.05","0.015","10","0.12","0.0874","15","0.006"
"0.2417","1.2","1070","12417.49","0.05","0.012","11","0.12","0.0874","13","0.006"
"0.2417","1.2","1070","12417.49","0.05","0.02","11","0.12","0.0874","14","0.006"
"0.2417","1.2","1070","12417.49","0.05","0.018","10","0.1","0.0874","15","0.006"
"0.2417","1.2","1070","12417.49","0.05","0.012","10","0.12","0.0874","15","0.006"
"0.2417","1.2","1070","12417.49","0.05","0.012","12","0.12","0.0874","14","0.006"
"0.2417","1.2","1070","12417.49","0.05","0.015","10","0.1","0.0874","15","0.006"
"0.2417","1.2","1070","12417.49","0.05","0.012","12","0.1","0.0874","14","0.006"
"0.2417","1.2","1070","12417.49","0.05","0.02","11","0.1","0.0874","13","0.006"
"0.2417","1.2","1070","12417.49","0.05","0.012","11","0.1","0.0874","14","0.006"
"0.2417","1.2","1070","12417.49","0.05","0.015","10","0.1","0.0874","13","0.006"
"0.2417","1.2","1070","12417.49","0.05","0.012","10","0.1","0.0874","13","0.006"
"0.2417","1.2","1070","12417.49","0.05","0.012","10","0.12","0.0874","14","0.006"
"0.2417","1.2","1070","12417.49","0.05","0.018","12","0.1","0.0874","13","0.006"
"0.2417","1.2","1070","12417.49","0.05","0.015","10","0.12","0.0874","13","0.006"
"0.2417","1.2","1070","12417.49","0.05","0.018","12","0.12","0.0874","15","0.006"
"0.2417","1.2","1070","12417.49","0.05","0.012","12","0.1","0.0874","15","0.006"
"0.2417","1.2","1070","12417.49","0.05","0.015","10","0.1","0.0874","14","0.006"
"0.2417","1.2","1070","12417.49","0.05","0.015","10","0.12","0.0874","14","0.006"
"0.2417","1.2","1070","12417.49","0.05","0.015","12","0.1","0.0874","15","0.006"
"0.2417","1.2","1070","12417.49","0.05","0.012","10","0.12","0.0874","13","0.006"
"0.2417","1.2","1070","12417.49","0.05","0.015","12","0.12","0.0874","15","0.006"
"0.2417","1.2","1070","12417.49","0.05","0.012","12","0.12","0.0874","15","0.006"
"0.2417","1.2","1070","12417.49","0.05","0.018","10","0.1","0.0874","14","0.006"
"0.2417","1.2","1070","12417.49","0.05","0.018","12","0.12","0.0874","13","0.006"
"0.2417","1.2","1070","12417.49","0.05","0.018","12","0.1","0.0874","15","0.006"
"0.2417","1.2","1070","12417.49","0.05","0.018","10","0.12","0.0874","14","0.006"
"0.2417","1.2","1070","12417.49","0.05","0.02","10","0.12","0.0874","14","0.006"
"0.2417","1.2","1070","12417.49","0.05","0.02","11","0.1","0.0874","15","0.006"
"0.2417","1.2","1070","12417.49","0.05","0.02","12","0.12","0.0874","13","0.006"
"0.2417","1.2","1070","12417.49","0.05","0.018","11","0.12","0.0874","15","0.006"
"0.2417","1.2","1070","12417.49","0.05","0.015","12","0.12","0.0874","13","0.006"
"0.2417","1.2","1070","12417.49","0.05","0.02","12","0.1","0.0874","15","0.006"
"0.2417","1.2","1070","12417.49","0.05","0.012","10","0.1","0.0874","14","0.006"
"0.2417","1.2","1070","12417.49","0.05","0.02","12","0.1","0.0874","13","0.006"
"0.2417","1.2","1070","12417.49","0.05","0.02","11","0.12","0.0874","15","0.006"
"0.2417","1.2","1070","12417.49","0.05","0.02","12","0.12","0.0874","15","0.006"
"0.2417","1.2","1070","12417.49","0.05","0.02","10","0.1","0.0874","14","0.006"
"0.2417","1.2","1070","12417.49","0.05","0.018","10","0.1","0.0874","13","0.006"
"0.1669","1.2","847","11668.67","0.04","0.02","12","0.1","0.1233","13","0.006"
"0.1669","1.2","847","11668.67","0.04","0.018","11","0.1","0.1233","13","0.006"
"0.1669","1.2","847","11668.67","0.04","0.02","11","0.1","0.1233","13","0.006"
"0.1669","1.2","847","11668.67","0.04","0.012","12","0.12","0.1233","14","0.006"
"0.1669","1.2","847","11668.67","0.04","0.015","10","0.1","0.1233","14","0.006"
"0.1669","1.2","847","11668.67","0.04","0.012","10","0.12","0.1233","14","0.006"
"0.1669","1.2","847","11668.67","0.04","0.015","12","0.12","0.1233","14","0.006"
"0.1669","1.2","847","11668.67","0.04","0.018","12","0.1","0.1233","14","0.006"
"0.1669","1.2","847","11668.67","0.04","0.015","12","0.1","0.1233","14","0.006"
"0.1669","1.2","847","11668.67","0.04","0.02","12","0.12","0.1233","13","0.006"
"0.1669","1.2","847","11668.67","0.04","0.018","11","0.12","0.1233","13","0.006"
"0.1669","1.2","847","11668.67","0.04","0.02","10","0.12","0.1233","14","0.006"
"0.1669","1.2","847","11668.67","0.04","0.015","11","0.12","0.1233","14","0.006"
"0.1669","1.2","847","11668.67","0.04","0.018","11","0.1","0.1233","14","0.006"
"0.1669","1.2","847","11668.67","0.04","0.012","12","0.12","0.1233","13","0.006"
"0.1669","1.2","847","11668.67","0.04","0.02","10","0.1","0.1233","14","0.006"
"0.1669","1.2","847","11668.67","0.04","0.015","12","0.1","0.1233","13","0.006"
"0.1669","1.2","847","11668.67","0.04","0.015","12","0.12","0.1233","13","0.006"
"0.1669","1.2","847","11668.67","0.04","0.012","11","0.12","0.1233","14","0.006"
"0.1669","1.2","847","11668.67","0.04","0.015","11","0.1","0.1233","14","0.006"
"0.1669","1.2","847","11668.67","0.04","0.012","11","0.1","0.1233","14","0.006"
"0.1669","1.2","847","11668.67","0.04","0.018","10","0.12","0.1233","14","0.006"
"0.1669","1.2","847","11668.67","0.04","0.012","12","0.1","0.1233","14","0.006"
"0.1669","1.2","847","11668.67","0.04","0.018","12","0.12","0.1233","13","0.006"
"0.1669","1.2","847","11668.67","0.04","0.018","10","0.1","0.1233","14","0.006"
"0.1669","1.2","847","11668.67","0.04","0.015","10","0.12","0.1233","14","0.006"
"0.1669","1.2","847","11668.67","0.04","0.02","11","0.12","0.1233","13","0.006"
"0.1669","1.2","847","11668.67","0.04","0.012","12","0.1","0.1233","13","0.006"
"0.1669","1.2","847","11668.67","0.04","0.018","12","0.1","0.1233","13","0.006"
"0.1669","1.2","847","11668.67","0.04","0.018","11","0.12","0.1233","14","0.006"
"0.1669","1.2","847","11668.67","0.04","0.02","11","0.12","0.1233","14","0.006"
"0.1669","1.2","847","11668.67","0.04","0.02","11","0.1","0.1233","14","0.006"
"0.1669","1.2","847","11668.67","0.04","0.018","11","0.1","0.1233","15","0.006"
"0.1669","1.2","847","11668.67","0.04","0.015","11","0.12","0.1233","15","0.006"
"0.1669","1.2","847","11668.67","0.04","0.015","11","0.1","0.1233","15","0.006"
"0.1669","1.2","847","11668.67","0.04","0.018","11","0.12","0.1233","15","0.006"
"0.1669","1.2","847","11668.67","0.04","0.018","10","0.1","0.1233","13","0.006"
"0.1669","1.2","847","11668.67","0.04","0.018","10","0.12","0.1233","13","0.006"
"0.1669","1.2","847","11668.67","0.04","0.012","11","0.12","0.1233","15","0.006"
"0.1669","1.2","847","11668.67","0.04","0.02","10","0.12","0.1233","15","0.006"
"0.1669","1.2","847","11668.67","0.04","0.02","10","0.1","0.1233","15","0.006"
"0.1669","1.2","847","11668.67","0.04","0.018","10","0.12","0.1233","15","0.006"
"0.1669","1.2","847","11668.67","0.04","0.02","10","0.1","0.1233","13","0.006"
"0.1669","1.2","847","11668.67","0.04","0.02","10","0.12","0.1233","13","0.006"
"0.1669","1.2","847","11668.67","0.04","0.012","11","0.1","0.1233","15","0.006"
"0.1669","1.2","847","11668.67","0.04","0.02","11","0.1","0.1233","15","0.006"
"0.1669","1.2","847","11668.67","0.04","0.012","10","0.1","0.1233","13","0.006"
"0.1669","1.2","847","11668.67","0.04","0.012","10","0.12","0.1233","13","0.006"
"0.1669","1.2","847","11668.67","0.04","0.018","12","0.1","0.1233","15","0.006"
"0.1669","1.2","847","11668.67","0.04","0.02","12","0.12","0.1233","15","0.006"
"0.1669","1.2","847","11668.67","0.04","0.02","12","0.1","0.1233","15","0.006"
"0.1669","1.2","847","11668.67","0.04","0.018","12","0.12","0.1233","15","0.006"
"0.1669","1.2","847","11668.67","0.04","0.015","12","0.12","0.1233","15","0.006"
"0.1669","1.2","847","11668.67","0.04","0.015","10","0.12","0.1233","13","0.006"
"0.1669","1.2","847","11668.67","0.04","0.012","12","0.1","0.1233","15","0.006"
"0.1669","1.2","847","11668.67","0.04","0.02","11","0.12","0.1233","15","0.006"
"0.1669","1.2","847","11668.67","0.04","0.015","12","0.1","0.1233","15","0.006"
"0.1669","1.2","847","11668.67","0.04","0.012","12","0.12","0.1233","15","0.006"
"0.1669","1.2","847","11668.67","0.04","0.015","10","0.1","0.1233","13","0.006"
"0.1669","1.2","847","11668.67","0.04","0.02","12","0.12","0.1233","14","0.006"
"0.1669","1.2","847","11668.67","0.04","0.015","11","0.1","0.1233","13","0.006"
"0.1669","1.2","847","11668.67","0.04","0.012","11","0.12","0.1233","13","0.006"
"0.1669","1.2","847","11668.67","0.04","0.018","10","0.1","0.1233","15","0.006"
"0.1669","1.2","847","11668.67","0.04","0.012","10","0.1","0.1233","14","0.006"
"0.1669","1.2","847","11668.67","0.04","0.012","10","0.12","0.1233","15","0.006"
"0.1669","1.2","847","11668.67","0.04","0.015","11","0.12","0.1233","13","0.006"
"0.1669","1.2","847","11668.67","0.04","0.015","10","0.1","0.1233","15","0.006"
"0.1669","1.2","847","11668.67","0.04","0.012","10","0.1","0.1233","15","0.006"
"0.1669","1.2","847","11668.67","0.04","0.012","11","0.1","0.1233","13","0.006"
"0.1669","1.2","847","11668.67","0.04","0.015","10","0.12","0.1233","15","0.006"
"0.1669","1.2","847","11668.67","0.04","0.018","12","0.12","0.1233","14","0.006"
"0.1669","1.2","847","11668.67","0.04","0.02","12","0.1","0.1233","14","0.006"
"0.1606","1.2","847","11605.95","0.05","0.02","12","0.1","0.1786","15","0.008"
"0.1606","1.2","847","11605.95","0.05","0.018","10","0.1","0.1786","14","0.008"
"0.1606","1.2","847","11605.95","0.05","0.012","12","0.1","0.1786","15","0.008"
"0.1606","1.2","847","11605.95","0.05","0.012","12","0.12","0.1786","15","0.008"
"0.1606","1.2","847","11605.95","0.05","0.018","10","0.12","0.1786","14","0.008"
"0.1606","1.2","847","11605.95","0.05","0.015","12","0.1","0.1786","14","0.008"
"0.1606","1.2","847","11605.95","0.05","0.012","10","0.1","0.1786","15","0.008"
"0.1606","1.2","847","11605.95","0.05","0.02","12","0.12","0.1786","14","0.008"
"0.1606","1.2","847","11605.95","0.05","0.015","12","0.12","0.1786","14","0.008"
"0.1606","1.2","847","11605.95","0.05","0.02","12","0.1","0.1786","14","0.008"
"0.1606","1.2","847","11605.95","0.05","0.018","12","0.12","0.1786","15","0.008"
"0.1606","1.2","847","11605.95","0.05","0.012","10","0.12","0.1786","14","0.008"
"0.1606","1.2","847","11605.95","0.05","0.018","12","0.1","0.1786","15","0.008"
"0.1606","1.2","847","11605.95","0.05","0.018","12","0.1","0.1786","14","0.008"
"0.1606","1.2","847","11605.95","0.05","0.015","10","0.1","0.1786","14","0.008"
"0.1606","1.2","847","11605.95","0.05","0.015","10","0.12","0.1786","14","0.008"
"0.1606","1.2","847","11605.95","0.05","0.015","12","0.1","0.1786","15","0.008"
"0.1606","1.2","847","11605.95","0.05","0.018","12","0.12","0.1786","14","0.008"
"0.1606","1.2","847","11605.95","0.05","0.012","10","0.1","0.1786","14","0.008"
"0.1606","1.2","847","11605.95","0.05","0.015","12","0.12","0.1786","15","0.008"
"0.1606","1.2","847","11605.95","0.05","0.02","11","0.12","0.1786","15","0.008"
"0.1606","1.2","847","11605.95","0.05","0.02","12","0.12","0.1786","15","0.008"
"0.1606","1.2","847","11605.95","0.05","0.012","11","0.1","0.1786","15","0.008"
"0.1606","1.2","847","11605.95","0.05","0.02","11","0.12","0.1786","14","0.008"
"0.1606","1.2","847","11605.95","0.05","0.015","11","0.1","0.1786","14","0.008"
"0.1606","1.2","847","11605.95","0.05","0.012","11","0.12","0.1786","15","0.008"
"0.1606","1.2","847","11605.95","0.05","0.015","10","0.12","0.1786","15","0.008"
"0.1606","1.2","847","11605.95","0.05","0.018","11","0.1","0.1786","14","0.008"
"0.1606","1.2","847","11605.95","0.05","0.018","11","0.12","0.1786","14","0.008"
"0.1606","1.2","847","11605.95","0.05","0.018","10","0.12","0.1786","15","0.008"
"0.1606","1.2","847","11605.95","0.05","0.02","11","0.1","0.1786","14","0.008"
"0.1606","1.2","847","11605.95","0.05","0.02","10","0.12","0.1786","15","0.008"
"0.1606","1.2","847","11605.95","0.05","0.018","10","0.1","0.1786","15","0.008"
"0.1606","1.2","847","11605.95","0.05","0.02","10","0.1","0.1786","15","0.008"
"0.1606","1.2","847","11605.95","0.05","0.02","10","0.12","0.1786","14","0.008"
"0.1606","1.2","847","11605.95","0.05","0.018","11","0.12","0.1786","15","0.008"
"0.1606","1.2","847","11605.95","0.05","0.012","10","0.12","0.1786","15","0.008"
"0.1606","1.2","847","11605.95","0.05","0.02","10","0.1","0.1786","14","0.008"
"0.1606","1.2","847","11605.95","0.05","0.02","11","0.1","0.1786","15","0.008"
"0.1606","1.2","847","11605.95","0.05","0.012","12","0.12","0.1786","14","0.008"
"0.1606","1.2","847","11605.95","0.05","0.018","11","0.1","0.1786","15","0.008"
"0.1606","1.2","847","11605.95","0.05","0.012","12","0.1","0.1786","14","0.008"
"0.1606","1.2","847","11605.95","0.05","0.012","11","0.12","0.1786","14","0.008"
"0.1606","1.2","847","11605.95","0.05","0.015","11","0.1","0.1786","15","0.008"
"0.1606","1.2","847","11605.95","0.05","0.012","11","0.1","0.1786","14","0.008"
"0.1606","1.2","847","11605.95","0.05","0.015","10","0.1","0.1786","15","0.008"
"0.1606","1.2","847","11605.95","0.05","0.015","11","0.12","0.1786","15","0.008"
"0.1606","1.2","847","11605.95","0.05","0.02","12","0.12","0.1786","13","0.008"
"0.1606","1.2","847","11605.95","0.05","0.018","10","0.12","0.1786","13","0.008"
"0.1606","1.2","847","11605.95","0.05","0.02","11","0.12","0.1786","13","0.008"
"0.1606","1.2","847","11605.95","0.05","0.012","10","0.12","0.1786","13","0.008"
"0.1606","1.2","847","11605.95","0.05","0.012","12","0.12","0.1786","13","0.008"
"0.1606","1.2","847","11605.95","0.05","0.015","10","0.12","0.1786","13","0.008"
"0.1606","1.2","847","11605.95","0.05","0.015","12","0.12","0.1786","13","0.008"
"0.1606","1.2","847","11605.95","0.05","0.02","10","0.12","0.1786","13","0.008"
"0.1606","1.2","847","11605.95","0.05","0.018","12","0.12","0.1786","13","0.008"
"0.1606","1.2","847","11605.95","0.05","0.012","11","0.12","0.1786","13","0.008"
"0.1606","1.2","847","11605.95","0.05","0.015","11","0.12","0.1786","13","0.008"
"0.1606","1.2","847","11605.95","0.05","0.018","11","0.12","0.1786","13","0.008"
"0.1606","1.2","847","11605.95","0.05","0.015","11","0.12","0.1786","14","0.008"
"0.1604","1.2","847","11603.67","0.05","0.012","10","0.1","0.1786","13","0.008"
"0.1604","1.2","847","11603.67","0.05","0.018","12","0.1","0.1786","13","0.008"
"0.1604","1.2","847","11603.67","0.05","0.015","10","0.1","0.1786","13","0.008"
"0.1604","1.2","847","11603.67","0.05","0.015","12","0.1","0.1786","13","0.008"
"0.1604","1.2","847","11603.67","0.05","0.02","11","0.1","0.1786","13","0.008"
"0.1604","1.2","847","11603.67","0.05","0.012","11","0.1","0.1786","13","0.008"
"0.1604","1.2","847","11603.67","0.05","0.018","11","0.1","0.1786","13","0.008"
"0.1604","1.2","847","11603.67","0.05","0.02","10","0.1","0.1786","13","0.008"
"0.1604","1.2","847","11603.67","0.05","0.018","10","0.1","0.1786","13","0.008"
"0.1604","1.2","847","11603.67","0.05","0.015","11","0.1","0.1786","13","0.008"
"0.1604","1.2","847","11603.67","0.05","0.012","12","0.1","0.1786","13","0.008"
"0.1604","1.2","847","11603.67","0.05","0.02","12","0.1","0.1786","13","0.008"
"0.0884","1","1108","10883.88","0.05","0.02","12","0.12","0.1144","13","0.006"
"0.0884","1","1108","10883.88","0.05","0.012","11","0.1","0.1144","15","0.006"
"0.0884","1","1108","10883.88","0.05","0.015","12","0.1","0.1144","14","0.006"
"0.0884","1","1108","10883.88","0.05","0.02","11","0.12","0.1144","13","0.006"
"0.0884","1","1108","10883.88","0.05","0.015","12","0.12","0.1144","13","0.006"
"0.0884","1","1108","10883.88","0.05","0.018","10","0.1","0.1144","13","0.006"
"0.0884","1","1108","10883.88","0.05","0.012","11","0.12","0.1144","15","0.006"
"0.0884","1","1108","10883.88","0.05","0.012","12","0.12","0.1144","14","0.006"
"0.0884","1","1108","10883.88","0.05","0.012","10","0.1","0.1144","13","0.006"
"0.0884","1","1108","10883.88","0.05","0.015","10","0.1","0.1144","14","0.006"
"0.0884","1","1108","10883.88","0.05","0.012","11","0.1","0.1144","13","0.006"
"0.0884","1","1108","10883.88","0.05","0.02","12","0.1","0.1144","15","0.006"
"0.0884","1","1108","10883.88","0.05","0.02","10","0.12","0.1144","15","0.006"
"0.0884","1","1108","10883.88","0.05","0.012","11","0.1","0.1144","14","0.006"
"0.0884","1","1108","10883.88","0.05","0.012","12","0.1","0.1144","15","0.006"
"0.0884","1","1108","10883.88","0.05","0.012","11","0.12","0.1144","14","0.006"
"0.0884","1","1108","10883.88","0.05","0.012","12","0.12","0.1144","15","0.006"
"0.0884","1","1108","10883.88","0.05","0.015","12","0.12","0.1144","14","0.006"
"0.0884","1","1108","10883.88","0.05","0.015","11","0.1","0.1144","14","0.006"
"0.0884","1","1108","10883.88","0.05","0.02","10","0.1","0.1144","13","0.006"
"0.0884","1","1108","10883.88","0.05","0.02","11","0.1","0.1144","14","0.006"
"0.0884","1","1108","10883.88","0.05","0.015","12","0.1","0.1144","13","0.006"
"0.0884","1","1108","10883.88","0.05","0.02","11","0.12","0.1144","14","0.006"
"0.0884","1","1108","10883.88","0.05","0.018","11","0.1","0.1144","14","0.006"
"0.0884","1","1108","10883.88","0.05","0.018","11","0.12","0.1144","14","0.006"
"0.0884","1","1108","10883.88","0.05","0.018","11","0.1","0.1144","15","0.006"
"0.0884","1","1108","10883.88","0.05","0.02","12","0.12","0.1144","15","0.006"
"0.0884","1","1108","10883.88","0.05","0.012","12","0.12","0.1144","13","0.006"
"0.0884","1","1108","10883.88","0.05","0.015","11","0.12","0.1144","14","0.006"
"0.0884","1","1108","10883.88","0.05","0.02","10","0.12","0.1144","13","0.006"
"0.0884","1","1108","10883.88","0.05","0.012","12","0.1","0.1144","14","0.006"
"0.0884","1","1108","10883.88","0.05","0.02","11","0.12","0.1144","15","0.006"
"0.0884","1","1108","10883.88","0.05","0.02","11","0.1","0.1144","15","0.006"
"0.0884","1","1108","10883.88","0.05","0.015","11","0.1","0.1144","15","0.006"
"0.0884","1","1108","10883.88","0.05","0.015","11","0.12","0.1144","15","0.006"
"0.0884","1","1108","10883.88","0.05","0.012","12","0.1","0.1144","13","0.006"
"0.0884","1","1108","10883.88","0.05","0.018","10","0.12","0.1144","13","0.006"
"0.0884","1","1108","10883.88","0.05","0.012","10","0.12","0.1144","13","0.006"
"0.0884","1","1108","10883.88","0.05","0.018","10","0.12","0.1144","14","0.006"
"0.0884","1","1108","10883.88","0.05","0.018","12","0.1","0.1144","15","0.006"
"0.0884","1","1108","10883.88","0.05","0.018","11","0.1","0.1144","13","0.006"
"0.0884","1","1108","10883.88","0.05","0.015","11","0.1","0.1144","13","0.006"
"0.0884","1","1108","10883.88","0.05","0.018","10","0.1","0.1144","15","0.006"
"0.0884","1","1108","10883.88","0.05","0.02","12","0.1","0.1144","14","0.006"
"0.0884","1","1108","10883.88","0.05","0.02","12","0.12","0.1144","14","0.006"
"0.0884","1","1108","10883.88","0.05","0.012","10","0.1","0.1144","14","0.006"
"0.0884","1","1108","10883.88","0.05","0.018","10","0.1","0.1144","14","0.006"
"0.0884","1","1108","10883.88","0.05","0.015","11","0.12","0.1144","13","0.006"
"0.0884","1","1108","10883.88","0.05","0.012","10","0.1","0.1144","15","0.006"
"0.0884","1","1108","10883.88","0.05","0.018","11","0.12","0.1144","15","0.006"
"0.0884","1","1108","10883.88","0.05","0.012","10","0.12","0.1144","15","0.006"
"0.0884","1","1108","10883.88","0.05","0.02","12","0.1","0.1144","13","0.006"
"0.0884","1","1108","10883.88","0.05","0.015","10","0.12","0.1144","14","0.006"
"0.0884","1","1108","10883.88","0.05","0.015","10","0.12","0.1144","15","0.006"
"0.0884","1","1108","10883.88","0.05","0.018","12","0.12","0.1144","15","0.006"
"0.0884","1","1108","10883.88","0.05","0.015","10","0.1","0.1144","15","0.006"
"0.0884","1","1108","10883.88","0.05","0.018","11","0.12","0.1144","13","0.006"
"0.0884","1","1108","10883.88","0.05","0.012","11","0.12","0.1144","13","0.006"
"0.0884","1","1108","10883.88","0.05","0.015","10","0.12","0.1144","13","0.006"
"0.0884","1","1108","10883.88","0.05","0.015","12","0.1","0.1144","15","0.006"
"0.0884","1","1108","10883.88","0.05","0.02","10","0.12","0.1144","14","0.006"
"0.0884","1","1108","10883.88","0.05","0.018","12","0.1","0.1144","14","0.006"
"0.0884","1","1108","10883.88","0.05","0.02","11","0.1","0.1144","13","0.006"
"0.0884","1","1108","10883.88","0.05","0.018","12","0.1","0.1144","13","0.006"
"0.0884","1","1108","10883.88","0.05","0.012","10","0.12","0.1144","14","0.006"
"0.0884","1","1108","10883.88","0.05","0.02","10","0.1","0.1144","15","0.006"
"0.0884","1","1108","10883.88","0.05","0.018","12","0.12","0.1144","14","0.006"
"0.0884","1","1108","10883.88","0.05","0.018","12","0.12","0.1144","13","0.006"
"0.0884","1","1108","10883.88","0.05","0.018","10","0.12","0.1144","15","0.006"
"0.0884","1","1108","10883.88","0.05","0.015","10","0.1","0.1144","13","0.006"
"0.0884","1","1108","10883.88","0.05","0.015","12","0.12","0.1144","15","0.006"
"0.0884","1","1108","10883.88","0.05","0.02","10","0.1","0.1144","14","0.006"
"0.0591","1.2","632","10590.59","0.04","0.012","12","0.1","0.2015","13","0.008"
"0.0591","1.2","632","10590.59","0.04","0.015","11","0.1","0.2015","13","0.008"
"0.0591","1.2","632","10590.59","0.04","0.012","11","0.1","0.2015","13","0.008"
"0.0591","1.2","632","10590.59","0.04","0.02","12","0.1","0.2015","13","0.008"
"0.0591","1.2","632","10590.59","0.04","0.012","10","0.1","0.2015","13","0.008"
"0.0591","1.2","632","10590.59","0.04","0.02","11","0.1","0.2015","13","0.008"
"0.0591","1.2","632","10590.59","0.04","0.02","10","0.1","0.2015","13","0.008"
"0.0591","1.2","632","10590.59","0.04","0.018","11","0.1","0.2015","13","0.008"
"0.0591","1.2","632","10590.59","0.04","0.015","12","0.1","0.2015","13","0.008"
"0.0591","1.2","632","10590.59","0.04","0.015","10","0.1","0.2015","13","0.008"
"0.0591","1.2","632","10590.59","0.04","0.018","10","0.1","0.2015","13","0.008"
"0.0591","1.2","632","10590.59","0.04","0.018","12","0.1","0.2015","13","0.008"
"0.0588","1.2","613","10587.57","0.04","0.018","12","0.1","0.2015","14","0.008"
"0.0588","1.2","613","10587.57","0.04","0.012","12","0.12","0.2015","15","0.008"
"0.0588","1.2","613","10587.57","0.04","0.018","10","0.12","0.2015","15","0.008"
"0.0588","1.2","613","10587.57","0.04","0.02","12","0.12","0.2015","15","0.008"
"0.0588","1.2","613","10587.57","0.04","0.018","11","0.12","0.2015","13","0.008"
"0.0588","1.2","613","10587.57","0.04","0.018","10","0.1","0.2015","15","0.008"
"0.0588","1.2","613","10587.57","0.04","0.015","12","0.12","0.2015","14","0.008"
"0.0588","1.2","613","10587.57","0.04","0.015","10","0.12","0.2015","13","0.008"
"0.0588","1.2","613","10587.57","0.04","0.02","10","0.1","0.2015","15","0.008"
"0.0588","1.2","613","10587.57","0.04","0.015","12","0.12","0.2015","13","0.008"
"0.0588","1.2","613","10587.57","0.04","0.02","10","0.12","0.2015","15","0.008"
"0.0588","1.2","613","10587.57","0.04","0.015","11","0.12","0.2015","15","0.008"
"0.0588","1.2","613","10587.57","0.04","0.012","12","0.1","0.2015","15","0.008"
"0.0588","1.2","613","10587.57","0.04","0.02","10","0.1","0.2015","14","0.008"
"0.0588","1.2","613","10587.57","0.04","0.02","10","0.12","0.2015","14","0.008"
"0.0588","1.2","613","10587.57","0.04","0.015","12","0.1","0.2015","14","0.008"
"0.0588","1.2","613","10587.57","0.04","0.018","10","0.12","0.2015","14","0.008"
"0.0588","1.2","613","10587.57","0.04","0.012","10","0.12","0.2015","13","0.008"
"0.0588","1.2","613","10587.57","0.04","0.015","10","0.1","0.2015","14","0.008"
"0.0588","1.2","613","10587.57","0.04","0.02","12","0.12","0.2015","14","0.008"
"0.0588","1.2","613","10587.57","0.04","0.015","10","0.12","0.2015","14","0.008"
"0.0588","1.2","613","10587.57","0.04","0.012","10","0.12","0.2015","15","0.008"
"0.0588","1.2","613","10587.57","0.04","0.012","10","0.1","0.2015","15","0.008"
"0.0588","1.2","613","10587.57","0.04","0.015","11","0.12","0.2015","13","0.008"
"0.0588","1.2","613","10587.57","0.04","0.018","12","0.12","0.2015","15","0.008"
"0.0588","1.2","613","10587.57","0.04","0.018","12","0.1","0.2015","15","0.008"
"0.0588","1.2","613","10587.57","0.04","0.018","12","0.12","0.2015","14","0.008"
"0.0588","1.2","613","10587.57","0.04","0.018","10","0.1","0.2015","14","0.008"
"0.0588","1.2","613","10587.57","0.04","0.012","11","0.12","0.2015","13","0.008"
"0.0588","1.2","613","10587.57","0.04","0.015","12","0.1","0.2015","15","0.008"
"0.0588","1.2","613","10587.57","0.04","0.018","12","0.12","0.2015","13","0.008"
"0.0588","1.2","613","10587.57","0.04","0.015","10","0.1","0.2015","15","0.008"
"0.0588","1.2","613","10587.57","0.04","0.02","12","0.1","0.2015","14","0.008"
"0.0588","1.2","613","10587.57","0.04","0.015","10","0.12","0.2015","15","0.008"
"0.0588","1.2","613","10587.57","0.04","0.015","12","0.12","0.2015","15","0.008"
"0.0588","1.2","613","10587.57","0.04","0.018","10","0.12","0.2015","13","0.008"
"0.0588","1.2","613","10587.57","0.04","0.02","11","0.1","0.2015","15","0.008"
"0.0588","1.2","613","10587.57","0.04","0.018","11","0.1","0.2015","15","0.008"
"0.0588","1.2","613","10587.57","0.04","0.012","11","0.12","0.2015","14","0.008"
"0.0588","1.2","613","10587.57","0.04","0.02","12","0.12","0.2015","13","0.008"
"0.0588","1.2","613","10587.57","0.04","0.012","11","0.1","0.2015","15","0.008"
"0.0588","1.2","613","10587.57","0.04","0.018","11","0.12","0.2015","14","0.008"
"0.0588","1.2","613","10587.57","0.04","0.012","11","0.12","0.2015","15","0.008"
"0.0588","1.2","613","10587.57","0.04","0.015","11","0.12","0.2015","14","0.008"
"0.0588","1.2","613","10587.57","0.04","0.018","11","0.12","0.2015","15","0.008"
"0.0588","1.2","613","10587.57","0.04","0.015","11","0.1","0.2015","15","0.008"
"0.0588","1.2","613","10587.57","0.04","0.015","11","0.1","0.2015","14","0.008"
"0.0588","1.2","613","10587.57","0.04","0.02","11","0.12","0.2015","14","0.008"
"0.0588","1.2","613","10587.57","0.04","0.012","10","0.12","0.2015","14","0.008"
"0.0588","1.2","613","10587.57","0.04","0.02","11","0.1","0.2015","14","0.008"
"0.0588","1.2","613","10587.57","0.04","0.018","11","0.1","0.2015","14","0.008"
"0.0588","1.2","613","10587.57","0.04","0.02","12","0.1","0.2015","15","0.008"
"0.0588","1.2","613","10587.57","0.04","0.012","12","0.1","0.2015","14","0.008"
"0.0588","1.2","613","10587.57","0.04","0.012","11","0.1","0.2015","14","0.008"
"0.0588","1.2","613","10587.57","0.04","0.012","12","0.12","0.2015","13","0.008"
"0.0588","1.2","613","10587.57","0.04","0.012","12","0.12","0.2015","14","0.008"
"0.0588","1.2","613","10587.57","0.04","0.02","10","0.12","0.2015","13","0.008"
"0.0588","1.2","613","10587.57","0.04","0.012","10","0.1","0.2015","14","0.008"
"0.0588","1.2","613","10587.57","0.04","0.02","11","0.12","0.2015","13","0.008"
"0.0588","1.2","613","10587.57","0.04","0.02","11","0.12","0.2015","15","0.008"
"0.0014","1","869","10014.22","0.04","0.015","10","0.1","0.1342","13","0.006"
"0.0014","1","869","10014.22","0.04","0.018","11","0.12","0.1342","15","0.006"
"0.0014","1","869","10014.22","0.04","0.012","11","0.12","0.1342","13","0.006"
"0.0014","1","869","10014.22","0.04","0.015","11","0.1","0.1342","13","0.006"
"0.0014","1","869","10014.22","0.04","0.02","10","0.1","0.1342","13","0.006"
"0.0014","1","869","10014.22","0.04","0.018","11","0.1","0.1342","15","0.006"
"0.0014","1","869","10014.22","0.04","0.015","10","0.12","0.1342","15","0.006"
"0.0014","1","869","10014.22","0.04","0.015","10","0.1","0.1342","15","0.006"
"0.0014","1","869","10014.22","0.04","0.018","12","0.12","0.1342","15","0.006"
"0.0014","1","869","10014.22","0.04","0.015","11","0.12","0.1342","13","0.006"
"0.0014","1","869","10014.22","0.04","0.018","12","0.1","0.1342","15","0.006"
"0.0014","1","869","10014.22","0.04","0.012","10","0.12","0.1342","13","0.006"
"0.0014","1","869","10014.22","0.04","0.02","10","0.12","0.1342","13","0.006"
"0.0014","1","869","10014.22","0.04","0.02","10","0.12","0.1342","15","0.006"
"0.0014","1","869","10014.22","0.04","0.012","11","0.12","0.1342","15","0.006"
"0.0014","1","869","10014.22","0.04","0.018","10","0.1","0.1342","13","0.006"
"0.0014","1","869","10014.22","0.04","0.015","12","0.1","0.1342","15","0.006"
"0.0014","1","869","10014.22","0.04","0.02","10","0.1","0.1342","15","0.006"
"0.0014","1","869","10014.22","0.04","0.02","12","0.12","0.1342","15","0.006"
"0.0014","1","869","10014.22","0.04","0.012","11","0.1","0.1342","15","0.006"
"0.0014","1","869","10014.22","0.04","0.012","12","0.1","0.1342","15","0.006"
"0.0014","1","869","10014.22","0.04","0.012","12","0.12","0.1342","15","0.006"
"0.0014","1","869","10014.22","0.04","0.012","11","0.1","0.1342","13","0.006"
"0.0014","1","869","10014.22","0.04","0.015","12","0.12","0.1342","15","0.006"
"0.0014","1","869","10014.22","0.04","0.015","11","0.12","0.1342","15","0.006"
"0.0014","1","869","10014.22","0.04","0.015","11","0.1","0.1342","15","0.006"
"0.0014","1","869","10014.22","0.04","0.018","10","0.12","0.1342","15","0.006"
"0.0014","1","869","10014.22","0.04","0.018","10","0.1","0.1342","15","0.006"
"0.0014","1","869","10014.22","0.04","0.02","12","0.1","0.1342","15","0.006"
"0.0014","1","869","10014.22","0.04","0.018","10","0.12","0.1342","13","0.006"
"0.0014","1","869","10014.22","0.04","0.015","10","0.12","0.1342","13","0.006"
"0.0014","1","869","10014.22","0.04","0.012","10","0.1","0.1342","13","0.006"
"0.0014","1","869","10014.22","0.04","0.02","11","0.1","0.1342","15","0.006"
"0.0014","1","869","10014.22","0.04","0.02","11","0.12","0.1342","15","0.006"
"0.0014","1","869","10014.22","0.04","0.015","12","0.12","0.1342","13","0.006"
"0.0014","1","869","10014.22","0.04","0.02","11","0.1","0.1342","13","0.006"
"0.0014","1","869","10014.22","0.04","0.018","12","0.1","0.1342","14","0.006"
"0.0014","1","869","10014.22","0.04","0.015","12","0.1","0.1342","13","0.006"
"0.0014","1","869","10014.22","0.04","0.018","10","0.12","0.1342","14","0.006"
"0.0014","1","869","10014.22","0.04","0.02","11","0.12","0.1342","13","0.006"
"0.0014","1","869","10014.22","0.04","0.015","11","0.1","0.1342","14","0.006"
"0.0014","1","869","10014.22","0.04","0.02","12","0.1","0.1342","14","0.006"
"0.0014","1","869","10014.22","0.04","0.012","11","0.12","0.1342","14","0.006"
"0.0014","1","869","10014.22","0.04","0.015","11","0.12","0.1342","14","0.006"
"0.0014","1","869","10014.22","0.04","0.015","10","0.1","0.1342","14","0.006"
"0.0014","1","869","10014.22","0.04","0.018","12","0.12","0.1342","14","0.006"
"0.0014","1","869","10014.22","0.04","0.015","12","0.12","0.1342","14","0.006"
"0.0014","1","869","10014.22","0.04","0.02","12","0.1","0.1342","13","0.006"
"0.0014","1","869","10014.22","0.04","0.02","11","0.1","0.1342","14","0.006"
"0.0014","1","869","10014.22","0.04","0.02","12","0.12","0.1342","13","0.006"
"0.0014","1","869","10014.22","0.04","0.012","12","0.12","0.1342","13","0.006"
"0.0014","1","869","10014.22","0.04","0.02","11","0.12","0.1342","14","0.006"
"0.0014","1","869","10014.22","0.04","0.012","12","0.1","0.1342","13","0.006"
"0.0014","1","869","10014.22","0.04","0.015","12","0.1","0.1342","14","0.006"
"0.0014","1","869","10014.22","0.04","0.015","10","0.12","0.1342","14","0.006"
"0.0014","1","869","10014.22","0.04","0.018","11","0.1","0.1342","14","0.006"
"0.0014","1","869","10014.22","0.04","0.018","10","0.1","0.1342","14","0.006"
"0.0014","1","869","10014.22","0.04","0.012","12","0.12","0.1342","14","0.006"
"0.0014","1","869","10014.22","0.04","0.018","11","0.12","0.1342","14","0.006"
"0.0014","1","869","10014.22","0.04","0.018","11","0.1","0.1342","13","0.006"
"0.0014","1","869","10014.22","0.04","0.012","10","0.1","0.1342","14","0.006"
"0.0014","1","869","10014.22","0.04","0.018","12","0.1","0.1342","13","0.006"
"0.0014","1","869","10014.22","0.04","0.018","11","0.12","0.1342","13","0.006"
"0.0014","1","869","10014.22","0.04","0.012","11","0.1","0.1342","14","0.006"
"0.0014","1","869","10014.22","0.04","0.018","12","0.12","0.1342","13","0.006"
"0.0014","1","869","10014.22","0.04","0.02","10","0.12","0.1342","14","0.006"
"0.0014","1","869","10014.22","0.04","0.012","12","0.1","0.1342","14","0.006"
"0.0014","1","869","10014.22","0.04","0.012","10","0.12","0.1342","15","0.006"
"0.0014","1","869","10014.22","0.04","0.012","10","0.1","0.1342","15","0.006"
"0.0014","1","869","10014.22","0.04","0.012","10","0.12","0.1342","14","0.006"
"0.0014","1","869","10014.22","0.04","0.02","10","0.1","0.1342","14","0.006"
"0.0014","1","869","10014.22","0.04","0.02","12","0.12","0.1342","14","0.006"
"-0.0314","1","869","9685.64","0.05","0.015","12","0.1","0.179","13","0.008"
"-0.0314","1","869","9685.64","0.05","0.02","12","0.1","0.179","13","0.008"
"-0.0314","1","869","9685.64","0.05","0.015","11","0.1","0.179","13","0.008"
"-0.0314","1","869","9685.64","0.05","0.018","10","0.1","0.179","13","0.008"
"-0.0314","1","869","9685.64","0.05","0.015","10","0.1","0.179","13","0.008"
"-0.0314","1","869","9685.64","0.05","0.018","12","0.1","0.179","13","0.008"
"-0.0314","1","869","9685.64","0.05","0.018","11","0.1","0.179","13","0.008"
"-0.0314","1","869","9685.64","0.05","0.012","11","0.1","0.179","13","0.008"
"-0.0314","1","869","9685.64","0.05","0.02","10","0.1","0.179","13","0.008"
"-0.0314","1","869","9685.64","0.05","0.012","12","0.1","0.179","13","0.008"
"-0.0314","1","869","9685.64","0.05","0.02","11","0.1","0.179","13","0.008"
"-0.0314","1","869","9685.64","0.05","0.012","10","0.1","0.179","13","0.008"
"-0.0315","1","869","9685.06","0.05","0.012","11","0.12","0.179","14","0.008"
"-0.0315","1","869","9685.06","0.05","0.018","12","0.1","0.179","15","0.008"
"-0.0315","1","869","9685.06","0.05","0.012","12","0.12","0.179","13","0.008"
"-0.0315","1","869","9685.06","0.05","0.015","12","0.12","0.179","13","0.008"
"-0.0315","1","869","9685.06","0.05","0.018","11","0.12","0.179","14","0.008"
"-0.0315","1","869","9685.06","0.05","0.02","11","0.1","0.179","14","0.008"
"-0.0315","1","869","9685.06","0.05","0.015","12","0.1","0.179","15","0.008"
"-0.0315","1","869","9685.06","0.05","0.015","11","0.12","0.179","15","0.008"
"-0.0315","1","869","9685.06","0.05","0.02","10","0.12","0.179","14","0.008"
"-0.0315","1","869","9685.06","0.05","0.02","10","0.1","0.179","14","0.008"
"-0.0315","1","869","9685.06","0.05","0.02","11","0.1","0.179","15","0.008"
"-0.0315","1","869","9685.06","0.05","0.018","10","0.12","0.179","14","0.008"
"-0.0315","1","869","9685.06","0.05","0.02","11","0.12","0.179","15","0.008"
"-0.0315","1","869","9685.06","0.05","0.015","11","0.12","0.179","14","0.008"
"-0.0315","1","869","9685.06","0.05","0.015","12","0.12","0.179","15","0.008"
"-0.0315","1","869","9685.06","0.05","0.018","12","0.12","0.179","13","0.008"
"-0.0315","1","869","9685.06","0.05","0.012","12","0.12","0.179","15","0.008"
"-0.0315","1","869","9685.06","0.05","0.012","11","0.1","0.179","14","0.008"
"-0.0315","1","869","9685.06","0.05","0.018","11","0.12","0.179","15","0.008"
"-0.0315","1","869","9685.06","0.05","0.018","11","0.1","0.179","14","0.008"
"-0.0315","1","869","9685.06","0.05","0.018","11","0.1","0.179","15","0.008"
"-0.0315","1","869","9685.06","0.05","0.012","12","0.1","0.179","15","0.008"
"-0.0315","1","869","9685.06","0.05","0.015","11","0.1","0.179","14","0.008"
"-0.0315","1","869","9685.06","0.05","0.018","10","0.12","0.179","13","0.008"
"-0.0315","1","869","9685.06","0.05","0.018","10","0.1","0.179","14","0.008"
"-0.0315","1","869","9685.06","0.05","0.015","10","0.12","0.179","13","0.008"
"-0.0315","1","869","9685.06","0.05","0.018","12","0.12","0.179","15","0.008"
"-0.0315","1","869","9685.06","0.05","0.015","12","0.12","0.179","14","0.008"
"-0.0315","1","869","9685.06","0.05","0.018","10","0.1","0.179","15","0.008"
"-0.0315","1","869","9685.06","0.05","0.02","10","0.12","0.179","15","0.008"
"-0.0315","1","869","9685.06","0.05","0.02","12","0.12","0.179","15","0.008"
"-0.0315","1","869","9685.06","0.05","0.02","12","0.12","0.179","13","0.008"
"-0.0315","1","869","9685.06","0.05","0.012","10","0.1","0.179","15","0.008"
"-0.0315","1","869","9685.06","0.05","0.015","10","0.1","0.179","14","0.008"
"-0.0315","1","869","9685.06","0.05","0.015","12","0.1","0.179","14","0.008"
"-0.0315","1","869","9685.06","0.05","0.018","10","0.12","0.179","15","0.008"
"-0.0315","1","869","9685.06","0.05","0.012","11","0.12","0.179","13","0.008"
"-0.0315","1","869","9685.06","0.05","0.018","12","0.1","0.179","14","0.008"
"-0.0315","1","869","9685.06","0.05","0.018","12","0.12","0.179","14","0.008"
"-0.0315","1","869","9685.06","0.05","0.018","11","0.12","0.179","13","0.008"
"-0.0315","1","869","9685.06","0.05","0.02","10","0.1","0.179","15","0.008"
"-0.0315","1","869","9685.06","0.05","0.015","10","0.1","0.179","15","0.008"
"-0.0315","1","869","9685.06","0.05","0.02","12","0.1","0.179","15","0.008"
"-0.0315","1","869","9685.06","0.05","0.015","10","0.12","0.179","15","0.008"
"-0.0315","1","869","9685.06","0.05","0.012","10","0.12","0.179","15","0.008"
"-0.0315","1","869","9685.06","0.05","0.02","12","0.1","0.179","14","0.008"
"-0.0315","1","869","9685.06","0.05","0.012","12","0.1","0.179","14","0.008"
"-0.0315","1","869","9685.06","0.05","0.02","10","0.12","0.179","13","0.008"
"-0.0315","1","869","9685.06","0.05","0.015","11","0.1","0.179","15","0.008"
"-0.0315","1","869","9685.06","0.05","0.02","11","0.12","0.179","14","0.008"
"-0.0315","1","869","9685.06","0.05","0.012","10","0.12","0.179","14","0.008"
"-0.0315","1","869","9685.06","0.05","0.02","12","0.12","0.179","14","0.008"
"-0.0315","1","869","9685.06","0.05","0.02","11","0.12","0.179","13","0.008"
"-0.0315","1","869","9685.06","0.05","0.012","12","0.12","0.179","14","0.008"
"-0.0315","1","869","9685.06","0.05","0.012","11","0.1","0.179","15","0.008"
"-0.0315","1","869","9685.06","0.05","0.012","10","0.1","0.179","14","0.008"
"-0.0315","1","869","9685.06","0.05","0.015","10","0.12","0.179","14","0.008"
"-0.0315","1","869","9685.06","0.05","0.015","11","0.12","0.179","13","0.008"
"-0.0315","1","869","9685.06","0.05","0.012","11","0.12","0.179","15","0.008"
"-0.0315","1","869","9685.06","0.05","0.012","10","0.12","0.179","13","0.008"
"-0.1357","1","644","8643.13","0.04","0.018","10","0.1","0.2111","13","0.008"
"-0.1357","1","644","8643.13","0.04","0.018","11","0.1","0.2111","13","0.008"
"-0.1357","1","644","8643.13","0.04","0.015","11","0.1","0.2111","13","0.008"
"-0.1357","1","644","8643.13","0.04","0.012","11","0.1","0.2111","13","0.008"
"-0.1357","1","644","8643.13","0.04","0.015","12","0.1","0.2111","13","0.008"
"-0.1357","1","644","8643.13","0.04","0.012","12","0.1","0.2111","13","0.008"
"-0.1357","1","644","8643.13","0.04","0.02","12","0.1","0.2111","13","0.008"
"-0.1357","1","644","8643.13","0.04","0.02","10","0.1","0.2111","13","0.008"
"-0.1357","1","644","8643.13","0.04","0.018","12","0.1","0.2111","13","0.008"
"-0.1357","1","644","8643.13","0.04","0.015","10","0.1","0.2111","13","0.008"
"-0.1357","1","644","8643.13","0.04","0.012","10","0.1","0.2111","13","0.008"
"-0.1357","1","644","8643.13","0.04","0.02","11","0.1","0.2111","13","0.008"
"-0.136","1","625","8639.5","0.04","0.012","10","0.1","0.2114","14","0.008"
"-0.136","1","625","8639.5","0.04","0.012","10","0.12","0.2114","14","0.008"
"-0.136","1","625","8639.5","0.04","0.02","10","0.1","0.2114","14","0.008"
"-0.136","1","625","8639.5","0.04","0.012","10","0.12","0.2114","13","0.008"
"-0.136","1","625","8639.5","0.04","0.015","10","0.12","0.2114","14","0.008"
"-0.136","1","625","8639.5","0.04","0.015","10","0.1","0.2114","14","0.008"
"-0.136","1","625","8639.5","0.04","0.018","12","0.12","0.2114","15","0.008"
"-0.136","1","625","8639.5","0.04","0.018","12","0.1","0.2114","15","0.008"
"-0.136","1","625","8639.5","0.04","0.018","10","0.1","0.2114","14","0.008"
"-0.136","1","625","8639.5","0.04","0.018","12","0.12","0.2114","13","0.008"
"-0.136","1","625","8639.5","0.04","0.02","12","0.12","0.2114","15","0.008"
"-0.136","1","625","8639.5","0.04","0.015","12","0.12","0.2114","15","0.008"
"-0.136","1","625","8639.5","0.04","0.018","10","0.12","0.2114","14","0.008"
"-0.136","1","625","8639.5","0.04","0.02","12","0.1","0.2114","15","0.008"
"-0.136","1","625","8639.5","0.04","0.02","12","0.12","0.2114","13","0.008"
"-0.136","1","625","8639.5","0.04","0.02","10","0.12","0.2114","15","0.008"
"-0.136","1","625","8639.5","0.04","0.015","12","0.12","0.2114","14","0.008"
"-0.136","1","625","8639.5","0.04","0.02","10","0.1","0.2114","15","0.008"
"-0.136","1","625","8639.5","0.04","0.012","11","0.12","0.2114","13","0.008"
"-0.136","1","625","8639.5","0.04","0.018","12","0.1","0.2114","14","0.008"
"-0.136","1","625","8639.5","0.04","0.015","12","0.1","0.2114","14","0.008"
"-0.136","1","625","8639.5","0.04","0.012","12","0.12","0.2114","14","0.008"
"-0.136","1","625","8639.5","0.04","0.012","12","0.1","0.2114","14","0.008"
"-0.136","1","625","8639.5","0.04","0.012","11","0.12","0.2114","15","0.008"
"-0.136","1","625","8639.5","0.04","0.02","11","0.12","0.2114","13","0.008"
"-0.136","1","625","8639.5","0.04","0.012","11","0.1","0.2114","15","0.008"
"-0.136","1","625","8639.5","0.04","0.015","10","0.1","0.2114","15","0.008"
"-0.136","1","625","8639.5","0.04","0.015","10","0.12","0.2114","15","0.008"
"-0.136","1","625","8639.5","0.04","0.012","10","0.1","0.2114","15","0.008"
"-0.136","1","625","8639.5","0.04","0.012","10","0.12","0.2114","15","0.008"
"-0.136","1","625","8639.5","0.04","0.015","11","0.12","0.2114","13","0.008"
"-0.136","1","625","8639.5","0.04","0.02","12","0.12","0.2114","14","0.008"
"-0.136","1","625","8639.5","0.04","0.018","10","0.12","0.2114","15","0.008"
"-0.136","1","625","8639.5","0.04","0.018","12","0.12","0.2114","14","0.008"
"-0.136","1","625","8639.5","0.04","0.018","11","0.12","0.2114","13","0.008"
"-0.136","1","625","8639.5","0.04","0.02","12","0.1","0.2114","14","0.008"
"-0.136","1","625","8639.5","0.04","0.018","10","0.1","0.2114","15","0.008"
"-0.136","1","625","8639.5","0.04","0.02","10","0.12","0.2114","13","0.008"
"-0.136","1","625","8639.5","0.04","0.015","12","0.12","0.2114","13","0.008"
"-0.136","1","625","8639.5","0.04","0.012","11","0.12","0.2114","14","0.008"
"-0.136","1","625","8639.5","0.04","0.015","11","0.1","0.2114","14","0.008"
"-0.136","1","625","8639.5","0.04","0.015","11","0.12","0.2114","14","0.008"
"-0.136","1","625","8639.5","0.04","0.02","11","0.12","0.2114","15","0.008"
"-0.136","1","625","8639.5","0.04","0.012","12","0.1","0.2114","15","0.008"
"-0.136","1","625","8639.5","0.04","0.02","10","0.12","0.2114","14","0.008"
"-0.136","1","625","8639.5","0.04","0.015","12","0.1","0.2114","15","0.008"
"-0.136","1","625","8639.5","0.04","0.015","10","0.12","0.2114","13","0.008"
"-0.136","1","625","8639.5","0.04","0.012","11","0.1","0.2114","14","0.008"
"-0.136","1","625","8639.5","0.04","0.012","12","0.12","0.2114","15","0.008"
"-0.136","1","625","8639.5","0.04","0.02","11","0.1","0.2114","14","0.008"
"-0.136","1","625","8639.5","0.04","0.012","12","0.12","0.2114","13","0.008"
"-0.136","1","625","8639.5","0.04","0.02","11","0.12","0.2114","14","0.008"
"-0.136","1","625","8639.5","0.04","0.015","11","0.1","0.2114","15","0.008"
"-0.136","1","625","8639.5","0.04","0.015","11","0.12","0.2114","15","0.008"
"-0.136","1","625","8639.5","0.04","0.018","11","0.1","0.2114","15","0.008"
"-0.136","1","625","8639.5","0.04","0.018","10","0.12","0.2114","13","0.008"
"-0.136","1","625","8639.5","0.04","0.02","11","0.1","0.2114","15","0.008"
"-0.136","1","625","8639.5","0.04","0.018","11","0.1","0.2114","14","0.008"
"-0.136","1","625","8639.5","0.04","0.018","11","0.12","0.2114","14","0.008"
"-0.136","1","625","8639.5","0.04","0.018","11","0.12","0.2114","15","0.008"
