"game_id","team","opponent","season","week","market_spread","pred_margin_ols","edge_margin_pts","p_cover","kelly_spread","edge_spread_ev","market_total","pred_total_ols_home","edge_total_pts","p_over","kelly_total","edge_total_ev"
"2025_04_BAL_KC","KC","BAL","2025","4","-2.5","-6.154921726159666","-3.6549217261596656","0.3892985103630862","0.0","-0.2567937529431991","48.5","49.39100612882032","0.8910061288203224","0.527321685557514","0.007375539670779407","0.006705036064344916"
"2025_04_CAR_NE","NE","CAR","2025","4","5.5","-0.1708626061724163","-5.670862606172416","0.3313384865165204","0.0","-0.3674447075593701","42.5","44.53155117371509","2.031551173715087","0.5620911470347058","0.08039140877288202","0.0730830988844382"
"2025_04_CHI_LV","LV","CHI","2025","4","1.5","3.1526921648123976","1.6526921648123976","0.5505813121323967","0.05622075547803301","0.05110977770730274","47.5","44.310592690289326","-3.189407309710674","0.40309696910532716","0.0","-0.23045124079892082"
"2025_04_CIN_DEN","DEN","CIN","2025","4","7.5","2.77594312756712","-4.724056872432881","0.35815716252120827","0.0","-0.316245417004966","44.5","45.71632648879951","1.2163264887995098","0.5372720776322546","0.028271363027734614","0.025701239116122376"
"2025_04_CLE_DET","DET","CLE","2025","4","10.0","14.20828541389824","4.20828541389824","0.6269228140895438","0.2165379095880419","0.19685264508003808","44.5","47.46564709642112","2.9656470964211223","0.5902261280432508","0.13947486889082666","0.12679533535529697"
"2025_04_GB_DAL","DAL","GB","2025","4","-7.0","-3.5443677937153355","3.4556322062846645","0.6048102569642543","0.17010153962493393","0.15463776329539447","47.5","45.55888912676225","-1.9411108732377471","0.44065205811742414","0.0","-0.15875516177582666"
"2025_04_IND_LA","LA","IND","2025","4","3.5","2.9983692154596366","-0.5016307845403634","0.4846098401428757","0.0","-0.07483575972723722","49.5","50.39479441185863","0.8947944118586335","0.5274376659895378","0.007619098578029321","0.006926453252753928"
"2025_04_JAX_SF","SF","JAX","2025","4","3.5","3.3963504583803554","-0.10364954161964457","0.4968192502769648","0.0","-0.051526885834885405","45.5","46.40539337225777","0.9053933722577696","0.5277621467782838","0.00830050823439602","0.007545916576723655"
"2025_04_LAC_NYG","NYG","LAC","2025","4","-6.0","-5.474524481822445","0.5254755181775552","0.5161213330392488","0.0","-0.01467745510688867","43.5","44.656924732420734","1.156924732420734","0.5354567442672091","0.024459162961139157","0.02223560269194469"
"2025_04_MIN_PIT","PIT","MIN","2025","4","-2.5","-3.267005510766684","-0.7670055107666842","0.47647588523710827","0.0","-0.09036421909279335","41.5","46.13937168875151","4.63937168875151","0.6394072116222854","0.24275514440679938","0.22068649491527215"
"2025_04_NO_BUF","BUF","NO","2025","4","15.5","16.182821204627967","0.6828212046279667","0.5209446958356361","0.0","-0.005469217041058405","48.5","49.38497945650529","0.8849794565052918","0.5271371707993403","0.006988058678614645","0.006352780616922404"
"2025_04_NYJ_MIA","MIA","NYJ","2025","4","2.5","1.882518085482957","-0.6174819145170429","0.4810579195477746","0.0","-0.08161669904515756","44.5","46.04564305278996","1.5456430527899627","0.5473209738393497","0.04937404506263444","0.04488549551148585"
"2025_04_PHI_TB","TB","PHI","2025","4","-3.5","0.1833972305269149","3.6833972305269147","0.6115412200136422","0.18423656202864858","0.1674877836624078","44.5","48.15322352398227","3.6532235239822697","0.6106513940034534","0.18236792740725208","0.1657890249156837"
"2025_04_SEA_ARI","ARI","SEA","2025","4","-1.5","0.7195550634784105","2.2195550634784107","0.5677839314890811","0.09234625612707038","0.08395114193370035","43.5","46.21504359146249","2.7150435914624893","0.5827171388061383","0.12370599149289042","0.11245999226626402"
"2025_04_TEN_HOU","HOU","TEN","2025","4","7.5","3.948917522600557","-3.551082477399443","0.39236503997133104","0.0","-0.2509394691456408","39.5","40.91145983050252","1.4114598305025225","0.5432297419090408","0.04078245800898574","0.03707496182635067"
"2025_04_WAS_ATL","ATL","WAS","2025","4","2.5","-1.8348213542476304","-4.33482135424763","0.36939814453395237","0.0","-0.29478536043518183","43.5","45.427633027407765","1.927633027407765","0.5589388890865309","0.0737716670817149","0.06706515189246809"
"2025_04_BAL_KC","BAL","KC","2025","4","2.5","6.322113292296487","3.8221132922964873","0.6156243779535423","0.19281119370243885","0.1752829033658535","48.5","49.57144391686938","1.0714439168693772","0.5328431418886308","0.01897059796612464","0.0172459981510224"
"2025_04_CAR_NE","CAR","NE","2025","4","-5.5","0.1032243607562946","5.603224360756295","0.6667720891903711","0.3002213872997793","0.27292853390889027","42.5","44.532425166158106","2.032425166158106","0.5621176423499264","0.08044704893484557","0.0731336808498596"
"2025_04_CHI_LV","CHI","LV","2025","4","-1.5","-3.2281864356726397","-1.7281864356726397","0.4471214370643049","0.0","-0.14640452924087255","47.5","44.31673826016045","-3.1832617398395513","0.40327998283942146","0.0","-0.23010185094292268"
"2025_04_CIN_DEN","CIN","DEN","2025","4","-7.5","-2.874183477657052","4.625816522342948","0.6390168235748264","0.2419353295071353","0.21994120864285027","44.5","45.717388438420215","1.2173884384202154","0.5373045241451933","0.0283395007049058","0.025763182459005274"
"2025_04_CLE_DET","CLE","DET","2025","4","-10.0","-14.015243337087073","-4.015243337087073","0.3787121595827611","0.0","-0.2770040589783651","44.5","47.28874842541616","2.788748425416159","0.58492886676852","0.12835062021389196","0.11668238201262904"
"2025_04_GB_DAL","GB","DAL","2025","4","7.0","3.453682902468969","-3.546317097531031","0.3925059309572464","0.0","-0.2506704954452569","47.5","45.55316100543413","-1.9468389945658728","0.4404782287095078","0.0","-0.1590870179182124"
"2025_04_IND_LA","IND","LA","2025","4","-3.5","0.1740859110946837","3.6740859110946835","0.6112666903559933","0.183660049747586","0.16696368158871455","49.5","48.93873415845027","-0.5612658415497265","0.4827812975967647","0.0","-0.07832661367890381"
"2025_04_JAX_SF","JAX","SF","2025","4","-3.5","-0.7111450465616408","2.788854953438359","0.5849320615224766","0.12835732919720083","0.11668848108836438","45.5","43.85286975012864","-1.6471302498713598","0.44958800203651594","0.0","-0.1416956324757423"
"2025_04_LAC_NYG","LAC","NYG","2025","4","6.0","5.3951653142854905","-0.6048346857145095","0.48144560735715913","0.0","-0.0808765677726962","43.5","44.65379470952411","1.1537947095241066","0.5353610691336474","0.024258245180659634","0.02205295016423603"
"2025_04_MIN_PIT","MIN","PIT","2025","4","2.5","3.1942680965121726","0.6942680965121726","0.5212954841518767","0.0","-0.004799530255508222","41.5","46.13695133156215","4.636951331562152","0.6393375161092225","0.24260878382936724","0.2205534398448793"
"2025_04_NO_BUF","NO","BUF","2025","4","-15.5","-13.595989211395182","1.9040107886048183","0.5582218023886978","0.07226578501626534","0.06569616819660484","48.5","46.7852152827342","-1.7147847172658004","0.4475291170403295","0.0","-0.14562623110482553"
"2025_04_NYJ_MIA","NYJ","MIA","2025","4","-2.5","-1.9769941948580356","0.5230058051419644","0.5160456044125042","0.0","-0.014822027939764615","44.5","46.06380676076587","1.5638067607658712","0.5478744072588855","0.05053625524365946","0.0459420502215086"
"2025_04_PHI_TB","PHI","TB","2025","4","3.5","-0.2953858081748353","-3.795385808174835","0.3851613736965515","0.0","-0.2646919229429471","44.5","48.15365098302546","3.6536509830254573","0.6106640038834789","0.18239440815530558","0.16581309832300506"
"2025_04_SEA_ARI","SEA","ARI","2025","4","1.5","-0.2961518881778242","-1.7961518881778242","0.44505479848008916","0.0","-0.1503499301743752","43.5","46.21775999933017","2.7177599993301698","0.5827986994527254","0.12387726885072338","0.11261569895520307"
"2025_04_TEN_HOU","TEN","HOU","2025","4","-7.5","-4.041775004080381","3.458224995919619","0.6048870601162606","0.1702628262441472","0.15478438749467927","39.5","40.91718258411305","1.4171825841130499","0.543404324758287","0.04114908199240277","0.037408256356729785"
"2025_04_WAS_ATL","WAS","ATL","2025","4","-2.5","1.7526595741952538","4.2526595741952535","0.6282143338050848","0.21925010099067815","0.19931827362788923","43.5","45.430782753017134","1.9307827530171338","0.5590344889466398","0.07397242678794351","0.06724766071631227"
